<?xml version="1.0" encoding="utf-8"?>
<Defs>
	
	<ThingDef ParentName="ApparelBase">
    <defName>JPJumpSuit</defName>
    <label>Jump suit</label>
    <techLevel>Spacer</techLevel>
    <description>A fire retardent "all in one" body garment covering the skin layer.</description>
    <graphicData> 
		<texPath>Things/Item/JPJumpSuit/JPJumpSuit</texPath>
    	<graphicClass>Graphic_Single</graphicClass> 
	</graphicData>
    <statBases>
      	<Mass>2.0</Mass>
        <WorkToMake>5200</WorkToMake>
        <MaxHitPoints>200</MaxHitPoints>
		<StuffEffectMultiplierArmor>0.2</StuffEffectMultiplierArmor>
        <ArmorRating_Heat>2.5</ArmorRating_Heat>
        <Insulation_Cold>5</Insulation_Cold>
        <Insulation_Heat>10</Insulation_Heat>
        <Flammability>0.0</Flammability>
        <DeteriorationRate>0.5</DeteriorationRate>
        <Beauty>1</Beauty>
        <SellPriceFactor>0.5</SellPriceFactor>
		<StuffEffectMultiplierInsulation_Heat>1.2</StuffEffectMultiplierInsulation_Heat>
		<EquipDelay>2.0</EquipDelay>
    </statBases>
    <equippedStatOffsets>
      	<ToxicSensitivity>-0.1</ToxicSensitivity>
    </equippedStatOffsets>
	<costStuffCount>100</costStuffCount>
	<stuffCategories>
		<li>Fabric</li>
		<li>Leathery</li>
	</stuffCategories>
     <costList>
		<Chemfuel>20</Chemfuel>
     </costList>
    <thingCategories>
      	<li>Apparel</li>
    </thingCategories>
    <generateCommonality>0.05</generateCommonality>
    <apparel>
     	<tags>
        		<li>Spacer</li>
     	</tags>
     	<wornGraphicPath>Things/Item/JPJumpSuit/JPJumpSuit</wornGraphicPath>
        <layers>
        		<li>OnSkin</li>
        </layers>
        <bodyPartGroups>
        		<li>Neck</li>
            <li>Torso</li>
            <li>Shoulders</li>
            <li>Arms</li>
            <li>Legs</li>
            <li>Feet</li>
            <li>Hands</li>
         </bodyPartGroups>
    </apparel>
    <recipeMaker>
      	<workSpeedStat>GeneralLaborSpeed</workSpeedStat>
      	<workSkill>Crafting</workSkill>
      	<effectWorking>Tailor</effectWorking>
      	<soundWorking>Recipe_Tailor</soundWorking>
      	<unfinishedThingDef>UnfinishedApparel</unfinishedThingDef>
      	<researchPrerequisite>PowArmJetPack</researchPrerequisite>
        <recipeUsers>
			<li>ElectricTailoringBench</li>
			<li>HandTailoringBench</li>
        </recipeUsers>
      	<skillRequirements>
			<Crafting>7</Crafting>
      	</skillRequirements>
    </recipeMaker>
	<colorGenerator Class="ColorGenerator_StandardApparel" />
   </ThingDef>

</Defs>