<?xml version="1.0" encoding="utf-8"?>
<Defs>

	<!-- Kerosene -->
	
  	<ThingDef ParentName="ResourceBase">
    <defName>JPKerosene</defName>
    <label>Kerosene</label>
    <description>A volatile liquid chemical. Mostly used as a fuel in aviation and rocketry.</description>
	<tickerType>Normal</tickerType>
	<techLevel>Industrial</techLevel>
    <graphicData>
    	<texPath>Things/Item/JPKerosene/JPKerosene</texPath>
      	<graphicClass>Graphic_Single</graphicClass>
      	<drawSize>0.85</drawSize>
    </graphicData>
    <stackLimit>150</stackLimit>
	<statBases>
    	<MaxHitPoints>50</MaxHitPoints>
      	<MarketValue>9.2</MarketValue>
      	<Mass>0.05</Mass>
      	<Flammability>2.1</Flammability>
		<DeteriorationRate>1.0</DeteriorationRate>
	</statBases>
    <thingCategories>
      	<li>Manufactured</li>
    </thingCategories>
	<comps>
		<li Class="CompProperties_Explosive">
			<explosiveRadius>1.5</explosiveRadius>
			<explosiveDamageType>Flame</explosiveDamageType>
			<explosiveExpandPerStackcount>0.039</explosiveExpandPerStackcount>
			<startWickOnDamageTaken>
				<li>Flame</li>
			</startWickOnDamageTaken>
			<startWickHitPointsPercent>0.35</startWickHitPointsPercent>
			<preExplosionSpawnThingDef>Filth_Fuel</preExplosionSpawnThingDef>
			<preExplosionSpawnChance>1</preExplosionSpawnChance>
			<wickTicks>
				<min>50</min>
				<max>120</max>
			</wickTicks>
		</li>
	</comps>
  	</ThingDef>
	
	<!-- Recipes -->
	
	<RecipeDef>
		<defName>MakeJPKerosene</defName>
		<label>Make Kerosene</label>
		<description>Make 5 Kerosene.</description>
		<jobString>Preparing Kerosene.</jobString>
		<workSpeedStat>DrugSynthesisSpeed</workSpeedStat>
		<effectWorking>Cremate</effectWorking>
		<soundWorking>Recipe_Cremate</soundWorking>
		<allowMixingIngredients>true</allowMixingIngredients>
		<workAmount>500</workAmount>
		<targetCountAdjustment>5</targetCountAdjustment>
		<workSkill>Intellectual</workSkill>
		<ingredients>
			<li>
				<filter>
					<thingDefs>
						<li>Chemfuel</li>
					</thingDefs>
				</filter>
				<count>20</count>
			</li>
		</ingredients>
		<fixedIngredientFilter>
			<thingDefs>
				<li>Chemfuel</li>
			</thingDefs>
		</fixedIngredientFilter>
		<products>
			<JPKerosene>5</JPKerosene>
		</products>
		<recipeUsers>
			<li>BiofuelRefinery</li>
		</recipeUsers>
      	<skillRequirements>
            	<Intellectual>5</Intellectual>
      	</skillRequirements>
		<researchPrerequisite>BiofuelRefining</researchPrerequisite>
	</RecipeDef>
	
	<RecipeDef>
		<defName>MakeBulkJPKerosene</defName>
		<label>Make Kerosene in Bulk</label>
		<description>Make 25 Kerosene.</description>
		<jobString>Preparing Kerosene.</jobString>
		<workSpeedStat>DrugSynthesisSpeed</workSpeedStat>
		<effectWorking>Cook</effectWorking>
		<soundWorking>Recipe_CookMeal</soundWorking>
		<allowMixingIngredients>true</allowMixingIngredients>
		<workAmount>2500</workAmount>
		<targetCountAdjustment>25</targetCountAdjustment>
		<workSkill>Intellectual</workSkill>
		<ingredients>
			<li>
				<filter>
					<thingDefs>
						<li>Chemfuel</li>
					</thingDefs>
				</filter>
				<count>100</count>
			</li>
		</ingredients>
		<fixedIngredientFilter>
			<thingDefs>
				<li>Chemfuel</li>
			</thingDefs>
		</fixedIngredientFilter>
		<products>
			<JPKerosene>25</JPKerosene>
		</products>
		<recipeUsers>
			<li>BiofuelRefinery</li>
		</recipeUsers>
      	<skillRequirements>
            	<Intellectual>6</Intellectual>
      	</skillRequirements>
		<researchPrerequisite>BiofuelRefining</researchPrerequisite>
	</RecipeDef>

</Defs>